Workbook

Sheet THONG_TIN
A1: Đề tham khảo thi tốt nghiệp THPT môn Tin học năm 2026 - Định hướng Khoa học máy tính (CS)
A3: Trường | B3: Giá trị | D3: Chỉ số | E3: Số lệnh | F3: Tỉ lệ
A4: EXAM_ID | B4: EXAM_TNTHPT_TINHOC_2026_CS_001 | D4: Biết | E4: 16 | F4: 0.4
A5: Mã đề | B5: TNTHPT26-CS-001 | D5: Hiểu | E5: 12 | F5: 0.3
A6: Định hướng | B6: CS | D6: Vận dụng | E6: 12 | F6: 0.3
A7: Blueprint | B7: BP_TNTHPT_TINHOC_2026_CS_V2 | D7: Tổng | E7: 40 | F7: 1
A8: Phiên bản blueprint | B8: 2
A9: Policy Profile | B9: POL_TNTHPT_TINHOC_2026_V1
A10: Thời gian (phút) | B10: 50
A11: Tổng lệnh hỏi | B11: 40
A12: Tổng điểm | B12: 10
A13: Random Seed | B13: TNTHPT2026-CS-001-FIXED

Sheet MA_TRAN
A1: MA TRẬN ĐỀ THI TỐT NGHIỆP THPT MÔN TIN HỌC - ĐỊNH HƯỚNG CS
A2: Mã đề TNTHPT26-CS-001 | Blueprint BP_TNTHPT_TINHOC_2026_CS_V2 | 50 phút | 10,0 điểm
A4: TT | B4: Chủ đề | C4: Nội dung/Đơn vị kiến thức | D4: NLC-Biết | E4: NLC-Hiểu | F4: NLC-Vận dụng | G4: Đ/S-Biết | H4: Đ/S-Hiểu | I4: Đ/S-Vận dụng | J4: Tổng-Biết | K4: Tổng-Hiểu | L4: Tổng-Vận dụng | M4: Điểm quy đổi | N4: Tỉ lệ % điểm
A5: 1 | B5: A:Máy tính và xã hội tri thức | C5: Trí tuệ nhân tạo và ứng dụng | D5: 0 | E5: 0 | F5: 1 (C1) | G5: 0 | H5: 0 | I5: 0 | J5: =TINH_TOAN!B2+TINH_TOAN!E2 -> 0 | K5: =TINH_TOAN!C2+TINH_TOAN!F2 -> 0 | L5: =TINH_TOAN!D2+TINH_TOAN!G2 -> 1 | M5: =(J5+K5+L5)*0.25 -> 0.25 | N5: =M5/$M$25 -> 0.025
A6: 2 | B6: A:Máy tính và xã hội tri thức | C6: Trí tuệ nhân tạo và ứng dụng | D6: 2 (C2, C3) | E6: 0 | F6: 0 | G6: 0 | H6: 0 | I6: 0 | J6: =TINH_TOAN!B3+TINH_TOAN!E3 -> 2 | K6: =TINH_TOAN!C3+TINH_TOAN!F3 -> 0 | L6: =TINH_TOAN!D3+TINH_TOAN!G3 -> 0 | M6: =(J6+K6+L6)*0.25 -> 0.5 | N6: =M6/$M$25 -> 0.05
A7: 3 | B7: A:Máy tính và xã hội tri thức | C7: Trí tuệ nhân tạo và ứng dụng | D7: 0 | E7: 0 | F7: 1 (C4) | G7: 0 | H7: 0 | I7: 0 | J7: =TINH_TOAN!B4+TINH_TOAN!E4 -> 0 | K7: =TINH_TOAN!C4+TINH_TOAN!F4 -> 0 | L7: =TINH_TOAN!D4+TINH_TOAN!G4 -> 1 | M7: =(J7+K7+L7)*0.25 -> 0.25 | N7: =M7/$M$25 -> 0.025
A8: 4 | B8: B:Mạng máy tính và Internet | C8: Một số thiết bị mạng thông dụng | D8: 2 (C5, C8) | E8: 0 | F8: 0 | G8: 2 (C25a, C25b) | H8: 2 (C25c, C25d) | I8: 0 | J8: =TINH_TOAN!B5+TINH_TOAN!E5 -> 4 | K8: =TINH_TOAN!C5+TINH_TOAN!F5 -> 2 | L8: =TINH_TOAN!D5+TINH_TOAN!G5 -> 0 | M8: =(J8+K8+L8)*0.25 -> 1.5 | N8: =M8/$M$25 -> 0.15
A9: 5 | B9: B:Mạng máy tính và Internet | C9: Mạng máy tính trong cuộc sống hiện đại | D9: 1 (C6) | E9: 0 | F9: 0 | G9: 0 | H9: 0 | I9: 0 | J9: =TINH_TOAN!B6+TINH_TOAN!E6 -> 1 | K9: =TINH_TOAN!C6+TINH_TOAN!F6 -> 0 | L9: =TINH_TOAN!D6+TINH_TOAN!G6 -> 0 | M9: =(J9+K9+L9)*0.25 -> 0.25 | N9: =M9/$M$25 -> 0.025
A10: 6 | B10: B:Mạng máy tính và Internet | C10: Thực hành chia sẻ tài nguyên trên mạng | D10: 1 (C7) | E10: 0 | F10: 0 | G10: 0 | H10: 0 | I10: 0 | J10: =TINH_TOAN!B7+TINH_TOAN!E7 -> 1 | K10: =TINH_TOAN!C7+TINH_TOAN!F7 -> 0 | L10: =TINH_TOAN!D7+TINH_TOAN!G7 -> 0 | M10: =(J10+K10+L10)*0.25 -> 0.25 | N10: =M10/$M$25 -> 0.025
A11: 7 | B11: F:Giải quyết vấn đề với sự trợ giúp của máy tính | C11: Chèn tệp tin đa phương tiện và khung nội tuyến vào trang web | D11: 0 | E11: 0 | F11: 1 (C9) | G11: 0 | H11: 0 | I11: 0 | J11: =TINH_TOAN!B8+TINH_TOAN!E8 -> 0 | K11: =TINH_TOAN!C8+TINH_TOAN!F8 -> 0 | L11: =TINH_TOAN!D8+TINH_TOAN!G8 -> 1 | M11: =(J11+K11+L11)*0.25 -> 0.25 | N11: =M11/$M$25 -> 0.025
A12: 8 | B12: F:Giải quyết vấn đề với sự trợ giúp của máy tính | C12: Tạo màu cho chữ và nền | D12: 0 | E12: 0 | F12: 1 (C10) | G12: 0 | H12: 0 | I12: 0 | J12: =TINH_TOAN!B9+TINH_TOAN!E9 -> 0 | K12: =TINH_TOAN!C9+TINH_TOAN!F9 -> 0 | L12: =TINH_TOAN!D9+TINH_TOAN!G9 -> 1 | M12: =(J12+K12+L12)*0.25 -> 0.25 | N12: =M12/$M$25 -> 0.025
A13: 9 | B13: F:Giải quyết vấn đề với sự trợ giúp của máy tính | C13: Khái niệm, vai trò của CSS | D13: 1 (C11) | E13: 0 | F13: 1 (C14) | G13: 0 | H13: 0 | I13: 0 | J13: =TINH_TOAN!B10+TINH_TOAN!E10 -> 1 | K13: =TINH_TOAN!C10+TINH_TOAN!F10 -> 0 | L13: =TINH_TOAN!D10+TINH_TOAN!G10 -> 1 | M13: =(J13+K13+L13)*0.25 -> 0.5 | N13: =M13/$M$25 -> 0.05
A14: 10 | B14: F:Giải quyết vấn đề với sự trợ giúp của máy tính | C14: Tạo liên kết | D14: 0 | E14: 0 | F14: 1 (C12) | G14: 0 | H14: 0 | I14: 0 | J14: =TINH_TOAN!B11+TINH_TOAN!E11 -> 0 | K14: =TINH_TOAN!C11+TINH_TOAN!F11 -> 0 | L14: =TINH_TOAN!D11+TINH_TOAN!G11 -> 1 | M14: =(J14+K14+L14)*0.25 -> 0.25 | N14: =M14/$M$25 -> 0.025
A15: 11 | B15: F:Giải quyết vấn đề với sự trợ giúp của máy tính | C15: Tạo danh sách, bảng | D15: 0 | E15: 0 | F15: 2 (C13, C15) | G15: 0 | H15: 0 | I15: 0 | J15: =TINH_TOAN!B12+TINH_TOAN!E12 -> 0 | K15: =TINH_TOAN!C12+TINH_TOAN!F12 -> 0 | L15: =TINH_TOAN!D12+TINH_TOAN!G12 -> 2 | M15: =(J15+K15+L15)*0.25 -> 0.5 | N15: =M15/$M$25 -> 0.05
A16: 12 | B16: F:Giải quyết vấn đề với sự trợ giúp của máy tính | C16: Tạo biểu mẫu | D16: 0 | E16: 0 | F16: 1 (C16) | G16: 0 | H16: 0 | I16: 0 | J16: =TINH_TOAN!B13+TINH_TOAN!E13 -> 0 | K16: =TINH_TOAN!C13+TINH_TOAN!F13 -> 0 | L16: =TINH_TOAN!D13+TINH_TOAN!G13 -> 1 | M16: =(J16+K16+L16)*0.25 -> 0.25 | N16: =M16/$M$25 -> 0.025
... A24: 20 | B24: F:Giải quyết vấn đề với sự trợ giúp của máy tính | C24: Bài toán tìm kiếm | D24: 0 | E24: 0 | F24: 0 | G24: 0 | H24: 3 (C28a, C28b, C28c) | I24: 1 (C28d) | J24: =TINH_TOAN!B21+TINH_TOAN!E21 -> 0 | K24: =TINH_TOAN!C21+TINH_TOAN!F21 -> 3 | L24: =TINH_TOAN!D21+TINH_TOAN!G21 -> 1 | M24: =(J24+K24+L24)*0.25 -> 1 | N24: =M24/$M$25 -> 0.1
A25: TỔNG | D25: =SUM(TINH_TOAN!B2:B21) -> 12 | E25: =SUM(TINH_TOAN!C2:C21) -> 2 | F25: =SUM(TINH_TOAN!D2:D21) -> 10 | G25: =SUM(TINH_TOAN!E2:E21) -> 4 | H25: =SUM(TINH_TOAN!F2:F21) -> 10 | I25: =SUM(TINH_TOAN!G2:G21) -> 2 | J25: =D25+G25 -> 16 | K25: =E25+H25 -> 12 | L25: =F25+I25 -> 12 | M25: =SUM(M5:M24) -> 10 | N25: =SUM(N5:N24) -> 1
A27: Ghi chú: Mỗi ô hiển thị Số lượng (vị trí câu/ý). NLC = trắc nghiệm nhiều lựa chọn; Đ/S = trắc nghiệm đúng/sai. Trong ma trận, mỗi lệnh hỏi/nhận định được quy đổi tương đương 0,25 điểm để kiểm tra phân bố 40%-30%-30%; chấm thực tế phần đúng/sai tuân theo thang điểm phi tuyến của nhóm.

Sheet BAN_DAC_TA
A1: BẢN ĐẶC TẢ ĐỀ THI TỐT NGHIỆP THPT MÔN TIN HỌC - ĐỊNH HƯỚNG CS
A3: TT | B3: Blueprint Cell | C3: Mã CT | D3: Mã YCCĐ | E3: Chủ đề | F3: Nội dung/Đơn vị kiến thức | G3: Yêu cầu cần đạt | H3: Dạng câu | I3: Mức độ | J3: Số lượng | K3: Điểm/nhóm | L3: Vị trí | M3: Phân bố ý Đ/S | N3: Trạng thái | O3: Ghi chú
A4: 1 | B4: BPC_TNTHPT_2026_CS_V2_001 | C4: TH_12_COMMON_A_B01 | D4: TH_12_COMMON_A_B01_YCCD_04 | E4: A:Máy tính và xã hội tri thức | F4: Trí tuệ nhân tạo và ứng dụng | G4: Nêu được ví dụ để thấy một hệ thống AI có tri thức, có khả năng suy luận và khả năng học. | H4: NLC | I4: Vận dụng | J4: 1 | K4: 0.25 | L4: C1 | N4: APPROVED | O4: Fixed selection; định hướng CS
A5: 2 | B5: BPC_TNTHPT_2026_CS_V2_002 | C5: TH_12_COMMON_A_B01 | D5: TH_12_COMMON_A_B01_YCCD_02 | E5: A:Máy tính và xã hội tri thức | F5: Trí tuệ nhân tạo và ứng dụng | G5: Nêu được ví dụ minh hoạ cho một số ứng dụng điển hình của AI. | H5: NLC | I5: Biết | J5: 1 | K5: 0.25 | L5: C2 | N5: APPROVED | O5: Fixed selection; định hướng CS
A6: 3 | B6: BPC_TNTHPT_2026_CS_V2_003 | C6: TH_12_COMMON_A_B01 | D6: TH_12_COMMON_A_B01_YCCD_02 | E6: A:Máy tính và xã hội tri thức | F6: Trí tuệ nhân tạo và ứng dụng | G6: Nêu được ví dụ minh hoạ cho một số ứng dụng điển hình của AI. | H6: NLC | I6: Biết | J6: 1 | K6: 0.25 | L6: C3 | N6: APPROVED | O6: Fixed selection; định hướng CS
A7: 4 | B7: BPC_TNTHPT_2026_CS_V2_004 | C7: TH_12_COMMON_A_B01 | D7: TH_12_COMMON_A_B01_YCCD_05 | E7: A:Máy tính và xã hội tri thức | F7: Trí tuệ nhân tạo và ứng dụng | G7: Nêu được một cảnh báo về sự phát triển của AI trong tương lai. | H7: NLC | I7: Vận dụng | J7: 1 | K7: 0.25 | L7: C4 | N7: APPROVED | O7: Fixed selection; định hướng CS
A8: 5 | B8: BPC_TNTHPT_2026_CS_V2_005 | C8: TH_12_COMMON_B_B03 | D8: TH_12_COMMON_B_B03_YCCD_01 | E8: B:Mạng máy tính và Internet | F8: Một số thiết bị mạng thông dụng | G8: Biết được một số thiết bị mạng thông dụng và chức năng của chúng. | H8: NLC | I8: Biết | J8: 2 | K8: 0.25 | L8: C5, C8 | N8: APPROVED | O8: Fixed selection; định hướng CS
A9: 6 | B9: BPC_TNTHPT_2026_CS_V2_006 | C9: TH_10_COMMON_B_B08 | D9: TH_10_COMMON_B_B08_YCCD_01 | E9: B:Mạng máy tính và Internet | F9: Mạng máy tính trong cuộc sống hiện đại | G9: Trình bày được khái niệm và lợi ích của mạng máy tính; phân biệt được mạng LAN, WAN và Internet; nêu được một số dịch vụ Internet thông dụng. | H9: NLC | I9: Biết | J9: 1 | K9: 0.25 | L9: C6 | N9: APPROVED | O9: Fixed selection; định hướng CS
A10: 7 | B10: BPC_TNTHPT_2026_CS_V2_007 | C10: TH_12_COMMON_B_B05 | D10: TH_12_COMMON_B_B05_YCCD_01 | E10: B:Mạng máy tính và Internet | F10: Thực hành chia sẻ tài nguyên trên mạng | G10: Thực hiện được chia sẻ thư mục, tệp và máy in trong mạng cục bộ trên hệ điều hành Windows; thiết lập được môi trường và quyền chia sẻ phù hợp. | H10: NLC | I10: Biết | J10: 1 | K10: 0.25 | L10: C7 | N10: APPROVED | O10: Fixed selection; định hướng CS
A11: 8 | B11: BPC_TNTHPT_2026_CS_V2_008 | C11: TH_12_COMMON_F_B11 | D11: TH_12_COMMON_F_B11_YCCD_01 | E11: F:Giải quyết vấn đề với sự trợ giúp của máy tính | F11: Chèn tệp tin đa phương tiện và khung nội tuyến vào trang web | G11: Chèn được hình ảnh, âm thanh, video và khung nội tuyến vào trang web bằng các phần tử và thuộc tính HTML phù hợp. | H11: NLC | I11: Vận dụng | J11: 1 | K11: 0.25 | L11: C9 | N11: APPROVED | O11: Fixed selection; định hướng CS
A12: 9 | B12: BPC_TNTHPT_2026_CS_V2_009 | C12: TH_12_COMMON_F_B15 | D12: TH_12_COMMON_F_B15_YCCD_01 | E12: F:Giải quyết vấn đề với sự trợ giúp của máy tính | F12: Tạo màu cho chữ và nền | G12: Biểu diễn và thiết lập được màu chữ, màu nền, màu khung bằng CSS; sử dụng được một số cách biểu diễn màu và tổ hợp bộ chọn. | H12: NLC | I12: Vận dụng | J12: 1 | K12: 0.25 | L12: C10 | N12: APPROVED | O12: Fixed selection; định hướng CS
A13: 10 | B13: BPC_TNTHPT_2026_CS_V2_010 | C13: TH_12_COMMON_F_B13 | D13: TH_12_COMMON_F_B13_YCCD_01 | E13: F:Giải quyết vấn đề với sự trợ giúp của máy tính | F13: Khái niệm, vai trò của CSS | G13: Giải thích được khái niệm và vai trò của CSS; nhận biết được cấu trúc mẫu định dạng, bộ chọn, thuộc tính, giá trị và ba cách thiết lập CSS. | H13: NLC | I13: Biết | J13: 1 | K13: 0.25 | L13: C11 | N13: APPROVED | O13: Fixed selection; định hướng CS
A14: 11 | B14: BPC_TNTHPT_2026_CS_V2_011 | C14: TH_12_COMMON_F_B10 | D14: TH_12_COMMON_F_B10_YCCD_01 | E14: F:Giải quyết vấn đề với sự trợ giúp của máy tính | F14: Tạo liên kết | G14: Tạo được liên kết đến trang web ngoài, trang trong cùng website, vị trí trong trang và địa chỉ thư điện tử; sử dụng được thuộc tính target. | H14: NLC | I14: Vận dụng | J14: 1 | K14: 0.25 | L14: C12 | N14: APPROVED | O14: Fixed selection; định hướng CS
A15: 12 | B15: BPC_TNTHPT_2026_CS_V2_012 | C15: TH_12_COMMON_F_B09 | D15: TH_12_COMMON_F_B09_YCCD_01 | E15: F:Giải quyết vấn đề với sự trợ giúp của máy tính | F15: Tạo danh sách, bảng | G15: Tạo và định dạng được danh sách có thứ tự, danh sách không thứ tự và bảng bằng các phần tử HTML phù hợp. | H15: NLC | I15: Vận dụng | J15: 1 | K15: 0.25 | L15: C13 | N15: APPROVED | O15: Fixed selection; định hướng CS
... A24: 21 | B24: BPC_TNTHPT_2026_CS_V2_021 | C24: TH_12_COMMON_G_B19 | D24: TH_12_COMMON_G_B19_YCCD_01 | E24: G:Hướng nghiệp với tin học | F24: Dịch vụ sửa chữa và bảo trì máy tính | G24: Tìm hiểu được nhóm nghề dịch vụ sửa chữa và bảo trì máy tính để có thêm thông tin định hướng nghề nghiệp. | H24: NLC | I24: Hiểu | J24: 1 | K24: 0.25 | L24: C24 | N24: APPROVED | O24: Fixed selection; định hướng CS
A25: 22 | B25: BPC_TNTHPT_2026_CS_V2_022 | C25: TH_12_COMMON_B_B03 | D25: TH_12_COMMON_B_B03_YCCD_01 | E25: B:Mạng máy tính và Internet | F25: Một số thiết bị mạng thông dụng | G25: Biết được một số thiết bị mạng thông dụng và chức năng của chúng. | H25: Đ/S | I25: Hiểu | J25: 1 | K25: 1 | L25: C25 | M25: C25: B2-H2-V0 | N25: APPROVED | O25: Fixed selection; định hướng CS
A26: 23 | B26: BPC_TNTHPT_2026_CS_V2_023 | C26: TH_11_COMMON_F_B13 | D26: TH_11_COMMON_F_B13_YCCD_01 | E26: F:Giải quyết vấn đề với sự trợ giúp của máy tính | F26: Cơ sở dữ liệu quan hệ | G26: Phân biệt được các khái niệm bản ghi, trường, khoá, khoá chính, khoá ngoài và liên kết dữ liệu trong cơ sở dữ liệu quan hệ; biết cách chọn một khoá làm khoá chính. | H26: Đ/S | I26: Vận dụng | J26: 1 | K26: 1 | L26: C26 | M26: C26: B0-H3-V1 | N26: APPROVED | O26: Fixed selection; định hướng CS
A27: 24 | B27: BPC_TNTHPT_2026_CS_V2_024 | C27: TH_12_CS_F_B25 | D27: TH_12_CS_F_B25_YCCD_01 | E27: F:Giải quyết vấn đề với sự trợ giúp của máy tính | F27: Làm quen với Học máy | G27: Giải thích được sơ lược về khái niệm Học máy. | H27: Đ/S | I27: Hiểu | J27: 1 | K27: 1 | L27: C27 | M27: C27: B2-H2-V0 | N27: APPROVED | O27: Fixed selection; định hướng CS
A28: 25 | B28: BPC_TNTHPT_2026_CS_V2_025 | C28: TH_11_CS_F_B19 | D28: TH_11_CS_F_B19_YCCD_01 | E28: F:Giải quyết vấn đề với sự trợ giúp của máy tính | F28: Bài toán tìm kiếm | G28: Mô tả và thực hiện được thuật toán tìm kiếm tuần tự và thuật toán tìm kiếm nhị phân. | H28: Đ/S | I28: Vận dụng | J28: 1 | K28: 1 | L28: C28 | M28: C28: B0-H3-V1 | N28: APPROVED | O28: Fixed selection; định hướng CS

Sheet DANH_SACH_CAU
A1: DANH SÁCH CÂU HỎI VÀ THÔNG TIN TÁI TẠO ĐỀ
A3: Vị trí | B3: Question_ID | C3: Phiên bản | D3: Dạng câu | E3: Mức độ | F3: Mã CT | G3: Mã YCCĐ | H3: Family_ID | I3: Trạng thái | J3: Đáp án | K3: Option_Order | L3: Random_Seed | M3: Shuffle | N3: Thời gian dự kiến (s) | O3: Độ khó | P3: Nội dung | Q3: Blueprint_Slot_ID
A4: 1 | B4: Q_TNT_F0001_D13_003 | C4: 1 | D4: MCQ_SINGLE | E4: VANDUNG | F4: TH_12_COMMON_A_B01 | G4: TH_12_COMMON_A_B01_YCCD_04 | I4: READY_FOR_GRADUATION | J4: B | K4: A,B,C,D | L4: TNTHPT2026-CS-001-FIXED | M4: TRUE | N4: 90 | O4: 3 | P4: Hệ thống gợi ý video trên YouTube sử dụng khả năng học của AI chủ yếu để làm gì? | Q4: BPS_TNTHPT_2026_CS_V2_001
A5: 2 | B5: Q_TNT_F0002_002 | C5: 1 | D5: MCQ_SINGLE | E5: BIET | F5: TH_12_COMMON_A_B01 | G5: TH_12_COMMON_A_B01_YCCD_02 | I5: READY_FOR_GRADUATION | J5: B | K5: A,B,C,D | L5: TNTHPT2026-CS-001-FIXED | M5: TRUE | N5: 45 | O5: 1 | P5: Thiết bị nào sau đây thường được tích hợp trợ lí ảo? | Q5: BPS_TNTHPT_2026_CS_V2_002
A6: 3 | B6: Q_TNT_F0001_D18_002 | C6: 1 | D6: MCQ_SINGLE | E6: BIET | F6: TH_12_COMMON_A_B01 | G6: TH_12_COMMON_A_B01_YCCD_02 | I6: READY_FOR_GRADUATION | J6: A | K6: A,B,C,D | L6: TNTHPT2026-CS-001-FIXED | M6: TRUE | N6: 45 | O6: 1 | P6: Trong giáo dục, AI có thể được sử dụng để làm việc gì sau đây? | Q6: BPS_TNTHPT_2026_CS_V2_003
A7: 4 | B7: Q_TNT_F0001_D15_004 | C7: 1 | D7: MCQ_SINGLE | E7: VANDUNG | F7: TH_12_COMMON_A_B01 | G7: TH_12_COMMON_A_B01_YCCD_05 | I7: READY_FOR_GRADUATION | J7: B | K7: A,B,C,D | L7: TNTHPT2026-CS-001-FIXED | M7: TRUE | N7: 90 | O7: 3 | P7: Một hệ thống AI y tế được thiết kế để chẩn đoán bệnh nhân dựa trên dữ liệu hình ảnh và hồ sơ bệnh án. Tuy nhiên, hệ thống này thường xuyên đưa ra chẩn đoán sai đối với bệnh nhân thuộc một nhóm sắc tộc nhất định. Điều này phản ánh thách thức nào trong ứng dụng AI? | Q7: BPS_TNTHPT_2026_CS_V2_004
A8: 5 | B8: Q_TNT_F0002_005 | C8: 1 | D8: MCQ_SINGLE | E8: BIET | F8: TH_12_COMMON_B_B03 | G8: TH_12_COMMON_B_B03_YCCD_01 | I8: READY_FOR_GRADUATION | J8: D | K8: A,B,C,D | L8: TNTHPT2026-CS-001-FIXED | M8: TRUE | N8: 45 | O8: 1 | P8: Thiết bị nào sau đây có chức năng chính là để kết nối không dây trong một mạng cục bộ? | Q8: BPS_TNTHPT_2026_CS_V2_005
A9: 6 | B9: Q_TNT_F0002_006 | C9: 1 | D9: MCQ_SINGLE | E9: BIET | F9: TH_10_COMMON_B_B08 | G9: TH_10_COMMON_B_B08_YCCD_01 | I9: READY_FOR_GRADUATION | J9: A | K9: A,B,C,D | L9: TNTHPT2026-CS-001-FIXED | M9: TRUE | N9: 45 | O9: 1 | P9: LAN là loại mạng nào sau đây? | Q9: BPS_TNTHPT_2026_CS_V2_006
A10: 7 | B10: Q_TNT_F0001_D19_020 | C10: 1 | D10: MCQ_SINGLE | E10: BIET | F10: TH_12_COMMON_B_B05 | G10: TH_12_COMMON_B_B05_YCCD_01 | I10: READY_FOR_GRADUATION | J10: A | K10: A,B,C,D | L10: TNTHPT2026-CS-001-FIXED | M10: TRUE | N10: 45 | O10: 1 | P10: Để chia sẻ một thư mục trên mạng nội bộ, ta cần thực hiện thao tác nào trong Windows? | Q10: BPS_TNTHPT_2026_CS_V2_007
A11: 8 | B11: Q_TNT_F0002_008 | C11: 1 | D11: MCQ_SINGLE | E11: BIET | F11: TH_12_COMMON_B_B03 | G11: TH_12_COMMON_B_B03_YCCD_01 | H11: FAM_8E4352D63C | I11: READY_FOR_GRADUATION | J11: B | K11: A,B,C,D | L11: TNTHPT2026-CS-001-FIXED | M11: TRUE | N11: 45 | O11: 1 | P11: Phương án nào sau đây nêu đúng chức năng chính của Modem? | Q11: BPS_TNTHPT_2026_CS_V2_008
A12: 9 | B12: Q_TNT_F0001_D14_023 | C12: 1 | D12: MCQ_SINGLE | E12: VANDUNG | F12: TH_12_COMMON_F_B11 | G12: TH_12_COMMON_F_B11_YCCD_01 | I12: READY_FOR_GRADUATION | J12: B | K12: A,B,C,D | L12: TNTHPT2026-CS-001-FIXED | M12: TRUE | N12: 90 | O12: 3 | P12: Khai báo HTML nào chèn tệp âm thanh “tienquanca.mp3” và hiển thị bộ điều khiển phát? | Q12: BPS_TNTHPT_2026_CS_V2_009
A13: 10 | B13: Q_TNT_F0001_D13_021 | C13: 1 | D13: MCQ_SINGLE | E13: VANDUNG | F13: TH_12_COMMON_F_B15 | G13: TH_12_COMMON_F_B15_YCCD_01 | I13: READY_FOR_GRADUATION | J13: A | K13: A,B,C,D | L13: TNTHPT2026-CS-001-FIXED | M13: TRUE | N13: 90 | O13: 3 | P13: Trong CSS, khai báo nào đổi màu nền của ô dữ liệu trong bảng khi người dùng đưa con trỏ chuột lên ô? | Q13: BPS_TNTHPT_2026_CS_V2_010
A14: 11 | B14: Q_TNT_F0002_011 | C14: 1 | D14: MCQ_SINGLE | E14: BIET | F14: TH_12_COMMON_F_B13 | G14: TH_12_COMMON_F_B13_YCCD_01 | I14: READY_FOR_GRADUATION | J14: A | K14: A,B,C,D | L14: TNTHPT2026-CS-001-FIXED | M14: TRUE | N14: 45 | O14: 1 | P14: Phương án nào sau đây nêu đúng cú pháp khai báo CSS ngoài (ngoại tuyến) trong một đoạn mã HTML? | Q14: BPS_TNTHPT_2026_CS_V2_011
A15: 12 | B15: Q_TNT_F0001_D11_013 | C15: 1 | D15: MCQ_SINGLE | E15: VANDUNG | F15: TH_12_COMMON_F_B10 | G15: TH_12_COMMON_F_B10_YCCD_01 | I15: READY_FOR_GRADUATION | J15: A | K15: A,B,C,D | L15: TNTHPT2026-CS-001-FIXED | M15: TRUE | N15: 90 | O15: 3 | P15: Hai tệp trangchu.html và gioithieu.html nằm trong cùng một thư mục. Cú pháp nào tạo liên kết tương đối từ trangchu.html đến gioithieu.html? | Q15: BPS_TNTHPT_2026_CS_V2_012
A16: 13 | B16: Q_TNT_F0001_D12_020 | C16: 1 | D16: MCQ_SINGLE | E16: VANDUNG | F16: TH_12_COMMON_F_B09 | G16: TH_12_COMMON_F_B09_YCCD_01 | I16: READY_FOR_GRADUATION | J16: C | K16: A,B,C,D | L16: TNTHPT2026-CS-001-FIXED | M16: TRUE | N16: 90 | O16: 3 | P16: Đoạn mã HTML nào tạo một bảng rộng 100%, có đường viền, gồm một hàng với hai ô tiêu đề nền màu cam và nội dung căn phải? | Q16: BPS_TNTHPT_2026_CS_V2_013
A17: 14 | B17: Q_TNT_F0001_D15_011 | C17: 1 | D17: MCQ_SINGLE | E17: VANDUNG | F17: TH_12_COMMON_F_B13 | G17: TH_12_COMMON_F_B13_YCCD_01 | H17: FAM_D6BB7552EF | I17: READY_FOR_GRADUATION | J17: A | K17: A,B,C,D | L17: TNTHPT2026-CS-001-FIXED | M17: TRUE | N17: 90 | O17: 3 | P17: Phương án nào sau đây nêu đúng cú pháp khai báo CSS nội tuyến trong HTML? | Q17: BPS_TNTHPT_2026_CS_V2_014
A18: 15 | B18: Q_TNT_F0001_D14_019 | C18: 1 | D18: MCQ_SINGLE | E18: VANDUNG | F18: TH_12_COMMON_F_B09 | G18: TH_12_COMMON_F_B09_YCCD_01 | I18: READY_FOR_GRADUATION | J18: A | K18: A,B,C,D | L18: TNTHPT2026-CS-001-FIXED | M18: TRUE | N18: 90 | O18: 3 | P18: Đoạn mã nào tạo danh sách không có thứ tự gồm ba mục ngang cấp: “Trái cây”, “Rau củ”, “Thịt”? | Q18: BPS_TNTHPT_2026_CS_V2_015
A19: 16 | B19: Q_TNT_F0001_D12_019 | C19: 1 | D19: MCQ_SINGLE | E19: VANDUNG | F19: TH_12_COMMON_F_B12 | G19: TH_12_COMMON_F_B12_YCCD_01 | I19: READY_FOR_GRADUATION | J19: A | K19: A,B,C,D | L19: TNTHPT2026-CS-001-FIXED | M19: TRUE | N19: 90 | O19: 3 | P19: Phương án nào mô tả đúng kết quả hiển thị của đoạn mã HTML sau? <form> <p>Chọn câu lạc bộ bạn đang tham gia:</p> <input type="checkbox" id="clbbongda" name="caulacbo"> <label for="clbbongda">CLB Bóng đá</label> <input type="checkbox" id="clbvovinam" name="caulacbo"> <label for="clbvovinam">CLB Vovinam</label> </form> | Q19: BPS_TNTHPT_2026_CS_V2_016
A20: 17 | B20: Q_TNT_F0001_D16_017 | C20: 1 | D20: MCQ_SINGLE | E20: VANDUNG | F20: TH_12_COMMON_F_B17 | G20: TH_12_COMMON_F_B17_YCCD_01 | H20: FAM_BBED04DDA0 | I20: READY_FOR_GRADUATION | J20: C | K20: A,B,C,D | L20: TNTHPT2026-CS-001-FIXED | M20: TRUE | N20: 90 | O20: 3 | P20: Một trang web liên kết lần lượt ba tệp CSS trong phần <head>: style1.css, style2.css và style3.css. Cả ba tệp đều khai báo màu chữ cho thẻ <p> với cùng độ đặc hiệu: style1.css đặt màu đỏ, style2.css đặt màu xanh dương và style3.css đặt màu xanh lá cây. Màu nào sẽ được áp dụng? | Q20: BPS_TNTHPT_2026_CS_V2_017
A21: 18 | B21: Q_TNT_F0002_018 | C21: 1 | D21: MCQ_SINGLE | E21: HIEU | F21: TH_10_COMMON_F_B20 | G21: TH_10_COMMON_F_B20_YCCD_01 | H21: FAM_6998194B0A | I21: READY_FOR_GRADUATION | J21: C | K21: A,B,C,D | L21: TNTHPT2026-CS-001-FIXED | M21: TRUE | N21: 90 | O21: 3 | P21: Chọn một trong hai ngôn ngữ Python hoặc C++ để xem xét đoạn chương trình sau. Python: S = 0; for i in range(1,4): S += i*i; print(S). C++: int S = 0; for (int i = 1; i < 4; i++) S += i*i; cout << S; Phương án nào dưới đây nêu đúng giá trị của S sau khi thực hiện đoạn chương trình trên? | Q21: BPS_TNTHPT_2026_CS_V2_018
A22: 19 | B22: Q_TNT_F0002_019 | C22: 1 | D22: MCQ_SINGLE | E22: BIET | F22: TH_12_COMMON_D_B06 | G22: TH_12_COMMON_D_B06_YCCD_01 | I22: READY_FOR_GRADUATION | J22: B | K22: A,B,C,D | L22: TNTHPT2026-CS-001-FIXED | M22: TRUE | N22: 45 | O22: 1 | P22: Hành vi nào sau đây thể hiện tính nhân văn trong giao tiếp trên không gian mạng? | Q22: BPS_TNTHPT_2026_CS_V2_019
A23: 20 | B23: Q_TNT_F0002_020 | C23: 1 | D23: MCQ_SINGLE | E23: BIET | F23: TH_12_COMMON_D_B06 | G23: TH_12_COMMON_D_B06_YCCD_01 | I23: READY_FOR_GRADUATION | J23: A | K23: A,B,C,D | L23: TNTHPT2026-CS-001-FIXED | M23: TRUE | N23: 45 | O23: 1 | P23: Hành vi nào sau đây bị xem là vi phạm pháp luật trên không gian mạng? | Q23: BPS_TNTHPT_2026_CS_V2_020
A24: 21 | B24: Q_TNT_F0002_021 | C24: 1 | D24: MCQ_SINGLE | E24: BIET | F24: TH_12_COMMON_D_B06 | G24: TH_12_COMMON_D_B06_YCCD_01 | H24: FAM_7FAB476482 | I24: READY_FOR_GRADUATION | J24: B | K24: A,B,C,D | L24: TNTHPT2026-CS-001-FIXED | M24: TRUE | N24: 45 | O24: 1 | P24: Việc tự ý đăng tải hình ảnh của người khác khi chưa được đồng ý xâm phạm quyền nào sau đây? | Q24: BPS_TNTHPT_2026_CS_V2_021
A25: 22 | B25: Q_TNT_F0002_022 | C25: 1 | D25: MCQ_SINGLE | E25: BIET | F25: TH_12_COMMON_G_B19 | G25: TH_12_COMMON_G_B19_YCCD_01 | I25: READY_FOR_GRADUATION | J25: B | K25: A,B,C,D | L25: TNTHPT2026-CS-001-FIXED | M25: TRUE | N25: 45 | O25: 1 | P25: Công việc nào dưới đây thuộc nhóm nghề sửa chữa và bảo trì máy tính? | Q25: BPS_TNTHPT_2026_CS_V2_022
A26: 23 | B26: Q_TNT_F0002_023 | C26: 1 | D26: MCQ_SINGLE | E26: BIET | F26: TH_12_COMMON_G_B20 | G26: TH_12_COMMON_G_B20_YCCD_01 | I26: READY_FOR_GRADUATION | J26: A | K26: A,B,C,D | L26: TNTHPT2026-CS-001-FIXED | M26: TRUE | N26: 45 | O26: 1 | P26: Công việc nào dưới đây thuộc nghề quản trị mạng? | Q26: BPS_TNTHPT_2026_CS_V2_023
A27: 24 | B27: Q_TNT_F0002_024 | C27: 1 | D27: MCQ_SINGLE | E27: HIEU | F27: TH_12_COMMON_G_B19 | G27: TH_12_COMMON_G_B19_YCCD_01 | I27: READY_FOR_GRADUATION | J27: A | K27: A,B,C,D | L27: TNTHPT2026-CS-001-FIXED | M27: TRUE | N27: 60 | O27: 2 | P27: Vì sao việc máy tính được sử dụng ngày càng rộng rãi làm tăng nhu cầu nhân lực sửa chữa và bảo trì máy tính? | Q27: BPS_TNTHPT_2026_CS_V2_024
A28: 25 | B28: Q_TNT_F0002_025 | C28: 1 | D28: TRUE_FALSE_GROUP | E28: HIEU | F28: TH_12_COMMON_B_B03 | G28: TH_12_COMMON_B_B03_YCCD_01 | H28: FAM_FC12F84C6C | I28: READY_FOR_GRADUATION | J28: Đ,Đ,S,S | K28: a,b,c,d | L28: TNTHPT2026-CS-001-FIXED | M28: FALSE | N28: 180 | O28: 3 | P28: Một trường học có 3 phòng máy tính cần được lắp đặt mạng LAN cho từng phòng. Nhà trường đã đăng ký sử dụng Internet với nhà cung cấp dịch vụ (ISP) và được lắp đặt một Modem có tích hợp cả chức năng của Router và Access Point. Một số bạn học sinh đưa ra các ý kiến sau: | Q28: BPS_TNTHPT_2026_CS_V2_025
A29: 26 | B29: Q_TNT_F0001_D15_026 | C29: 1 | D29: TRUE_FALSE_GROUP | E29: VANDUNG | F29: TH_11_COMMON_F_B13 | G29: TH_11_COMMON_F_B13_YCCD_01 | H29: FAM_E73975BBC1 | I29: READY_FOR_GRADUATION | J29: Đ,Đ,S,Đ | K29: a,b,c,d | L29: TNTHPT2026-CS-001-FIXED | M29: FALSE | N29: 240 | O29: 4 | P29: Một cửa hàng quản lí bán hàng bằng CSDL quan hệ gồm SANPHAM(MaSP, TenSP, GiaBan), KHACHHANG(MaKH, TenKH, DiaChi, SoDT) và HOADON(MaHD, MaKH, MaSP, SoLuong, NgayLap). MaSP, MaKH và MaHD lần lượt là khóa chính; MaKH và MaSP trong HOADON là khóa ngoài. Xét các nhận định sau. | Q29: BPS_TNTHPT_2026_CS_V2_026
A30: 27 | B30: Q_TNT_F0002_027 | C30: 1 | D30: TRUE_FALSE_GROUP | E30: HIEU | F30: TH_12_CS_F_B25 | G30: TH_12_CS_F_B25_YCCD_01 | H30: FAM_A2DAD284A0 | I30: READY_FOR_GRADUATION | J30: Đ,Đ,S,S | K30: a,b,c,d | L30: TNTHPT2026-CS-001-FIXED | M30: FALSE | N30: 240 | O30: 4 | P30: Một ngân hàng thương mại cần phân loại khách hàng thành các nhóm: “tốt”, “bình thường” và “xấu” theo hồ sơ tín dụng để có chính sách lãi suất cho vay phù hợp. Có 2 bạn học sinh đề xuất phương pháp như sau: Học sinh A: Mời các chuyên gia tài chính gán nhãn “tốt”, “bình thường” và “xấu” cho từng khách hàng trong một tập khách hàng được chọn. Máy tính học cách phân loại từ tập dữ liệu đã gán nhãn này để phân loại cho các khách hàng khác. Học sinh B: Máy tính tự động phân cụm toàn bộ tập dữ liệu khách hàng thành 3 cụm. Sau đó các chuyên gia được mời để gán nhãn cho các cụm này là “tốt”, “bình thường” và “xấu”. Một số bạn học sinh có ý kiến như sau: | Q30: BPS_TNTHPT_2026_CS_V2_027
A31: 28 | B31: Q_TNT_F0001_D03_028 | C31: 1 | D31: TRUE_FALSE_GROUP | E31: VANDUNG | F31: TH_11_CS_F_B19 | G31: TH_11_CS_F_B19_YCCD_01 | I31: READY_FOR_GRADUATION | J31: S,Đ,S,Đ | K31: a,b,c,d | L31: TNTHPT2026-CS-001-FIXED | M31: FALSE | N31: 240 | O31: 5 | P31: Cho hàm tìm kiếm tuần tự sau: def find(a, x): for value in a: if value == x: return True return False Xét các nhận định về cách cài đặt, độ phức tạp và kết quả của hàm. | Q31: BPS_TNTHPT_2026_CS_V2_028

Sheet TINH_TOAN
A1: TT | B1: NLC_BIET | C1: NLC_HIEU | D1: NLC_VANDUNG | E1: DS_BIET | F1: DS_HIEU | G1: DS_VANDUNG
A2: 1 | B2: 0 | C2: 0 | D2: 1 | E2: 0 | F2: 0 | G2: 0
A3: 2 | B3: 2 | C3: 0 | D3: 0 | E3: 0 | F3: 0 | G3: 0
A4: 3 | B4: 0 | C4: 0 | D4: 1 | E4: 0 | F4: 0 | G4: 0
A5: 4 | B5: 2 | C5: 0 | D5: 0 | E5: 2 | F5: 2 | G5: 0
A6: 5 | B6: 1 | C6: 0 | D6: 0 | E6: 0 | F6: 0 | G6: 0
A7: 6 | B7: 1 | C7: 0 | D7: 0 | E7: 0 | F7: 0 | G7: 0
A8: 7 | B8: 0 | C8: 0 | D8: 1 | E8: 0 | F8: 0 | G8: 0
A9: 8 | B9: 0 | C9: 0 | D9: 1 | E9: 0 | F9: 0 | G9: 0
A10: 9 | B10: 1 | C10: 0 | D10: 1 | E10: 0 | F10: 0 | G10: 0
A11: 10 | B11: 0 | C11: 0 | D11: 1 | E11: 0 | F11: 0 | G11: 0
A12: 11 | B12: 0 | C12: 0 | D12: 2 | E12: 0 | F12: 0 | G12: 0
A13: 12 | B13: 0 | C13: 0 | D13: 1 | E13: 0 | F13: 0 | G13: 0
... A21: 20 | B21: 0 | C21: 0 | D21: 0 | E21: 0 | F21: 3 | G21: 1
